<?xml version="1.0" encoding="UTF-8"?>
<project-private xmlns="http://www.netbeans.org/ns/project-private/1">
    <editor-bookmarks xmlns="http://www.netbeans.org/ns/editor-bookmarks/2" lastBookmarkId="0"/>
    <open-files xmlns="http://www.netbeans.org/ns/projectui-open-files/2">
        <group>
            <file>file:/C:/Users/anahi/Documents/NetBeansProjects/EventosMusicalesRSP/src/service/GestorEventos.java</file>
            <file>file:/C:/Users/anahi/Documents/NetBeansProjects/EventosMusicalesRSP/src/config/AppConfig.java</file>
            <file>file:/C:/Users/anahi/Documents/NetBeansProjects/EventosMusicalesRSP/src/model/Evento.java</file>
            <file>file:/C:/Users/anahi/Documents/NetBeansProjects/EventosMusicalesRSP/src/service/Gestionable.java</file>
            <file>file:/C:/Users/anahi/Documents/NetBeansProjects/EventosMusicalesRSP/src/model/EventoMusical.java</file>
            <file>file:/C:/Users/anahi/Documents/NetBeansProjects/EventosMusicalesRSP/src/eventosmusicalesrsp/main.java</file>
        </group>
    </open-files>
</project-private>
